<?xml version="1.0" encoding="UTF-8"?>
<resources>
<string name="LANGUAGE">अंग्रेजी</string>
<string name="LANGUAGE_FULL">अंग्रेजी-यूएस</string>
<string name="CALORIE_COUNTER">कैलोरी काउंटर</string>
<string name="START">प्रारंभ</string>
<string name="RESET">रीसेट करें</string>
<string name="START_DATE">प्रारंभ की तारीख</string>
<string name="APP_INTRO">MyLiveDiet आपको यथासंभव आसानी सेे अपना वजन कम करने में मदद करने के लिए डिजाइन किया गया है।</string>
<string name="STEP_1">अपना प्रोफाइल डेटा भरें</string>
<string name="STEP_2">शुरू करें</string>
<string name="STEP_3">कोई तीसरा कदम नहीं है!</string>
<string name="CLOSE_INTRO">ठीक है, चलो शुरू करते हैं</string>
<string name="EXERCISE">व्यायाम</string>
<string name="FOOD">भोजन</string>
<string name="DESCRIPTION">विवरण ...</string>
<string name="PRE_FILL">प्रि-फिल</string>
<string name="ADD_ENTRY">प्रविष्टि जोड़ें</string>
<string name="DELETE">हटाएँ</string>
<string name="CLEAR_ALL">सभी साफ़ करें</string>
<string name="ACTIVITY_LOG">गतिविधि लॉग</string>
<string name="FOOD_SEARCH">खाद्य खोज ... (100g)</string>
<string name="EXERCISE_SEARCH">व्यायाम खोज ... (30 मिनट)</string>
<string name="NO_ENTRIES">कोई प्रविष्टि नहीं</string>
<string name="NO_MATCHES">कोई मिलान नहीं</string>
<string name="PREPARING_DB">डेटाबेस तैयार कर रहा है</string>
<string name="MY_FAVOURITES">पसंदीदा</string>
<string name="MY_FOODS">मेरे खाद्य पदार्थ</string>
<string name="MY_EXERCISES">मेरे व्यायाम</string>
<string name="ADD_NEW_FOOD">नया खाद्य जोड़ें</string>
<string name="ADD_NEW_EXERCISE">नया व्यायाम जोड़ें</string>
<string name="ADD">जोड़ें</string>
<string name="SAVE">सहेजें</string>
<string name="ADD_NAME">नाम</string>
<string name="ADD_AMOUNT">मात्रा</string>
<string name="ADD_DURATION">अवधि</string>
<string name="DELETE_ITEM">आइटम हटाएँ</string>
<string name="CALORIES_AVALIABLE">उपलब्ध कैलोरी</string>
<string name="DAILY_CALORIES">दैनिक कैलोरी</string>
<string name="CALORIC_INTAKE">ली गई कैलोरी</string>
<string name="MENU_STATUS">स्थिति</string>
<string name="MENU_DIARY">डायरी</string>
<string name="MENU_PROFILE">प्रोफाइल</string>
<string name="MENU_SETTINGS">सेटिंग्स</string>
<string name="NOW">अभी</string>
<string name="TODAY">आज</string>
<string name="MINUTE">मिनट</string>
<string name="MINUTES">मिनट</string>
<string name="MIN">मिनट</string>
<string name="HOUR">घंटा</string>
<string name="HOURS">घंटे</string>
<string name="DAY">दिन</string>
<string name="DAYS">दिन</string>
<string name="AND">और</string>
<string name="AGO">पहले</string>
<string name="PREAGO"/>
<string name="CALORIE">कैलोरी</string>
<string name="CALORIES">कैलोरी</string>
<string name="KCAL">किलो कैलोरी</string>
<string name="CENTIMETERS">सेंटीमीटर</string>
<string name="FEET_INCHES">फुट / इंच</string>
<string name="GRAMS">ग्राम</string>
<string name="G">ग्रा</string>	
<string name="KILOGRAMS">किलोग्राम</string>
<string name="KG">किग्रा</string>
<string name="POUNDS">पाउंड</string>
<string name="LB">पा</string>
<string name="PROTEINS">प्रोटीन</string>
<string name="CARBS">कार्बो</string>
<string name="FATS">वसा</string>
<string name="PRO">प्रो</string>
<string name="CAR">कार्बो</string>
<string name="FAT">वसा</string>
<string name="ARE_YOU_SURE">क्या आपको यकीन है?</string>
<string name="OK">ठीक</string>
<string name="CANCEL">रद्द करें</string>
<string name="SETTINGS_RESET">सेटिंग्स रीसेट करें</string>
<string name="SETTINGS_RESET_TITLE">सभी डेटा मिट जाएगा</string>
<string name="NOT_RUNNING_TITLE">काउंटर फिलहाल बंद कर दिया गया है</string>
<string name="NOT_RUNNING_DIALOG">क्या अब आप इसे शुरू करना चाहेंगे?</string>
<string name="ABOUT_DIALOG">आंद्रे कैनसियन द्वारा विकसित</string>
<string name="RESET_COUNTER_TITLE">काउंटर रीसेट करें</string>
<string name="RESET_ENTRY_TITLE">प्रविष्टि मान रीसेट करें</string>
<string name="BLANK_FIELD_TITLE">आवश्यक फ़ील्ड रिक्त छोड़ दिया गया है।</string>
<string name="BLANK_FIELD_DIALOG">छूटी हुई जानकारी को लाल रंग में दिखाया गया है।</string>
<string name="CLEAR_ALL_TITLE">सभी प्रविष्टियों को साफ़ करें</string>
<string name="RESET_COUNTER">काउंटर रीसेट करें</string>
<string name="MEASURE_SYSTEM">माप की प्रणाली</string>
<string name="MEASURE_SYSTEM_INFO">(ऊंचाई, वजन आदि)</string>
<string name="IMPERIAL">इंपीरियल</string>
<string name="METRIC">मीट्रिक</string>
<string name="SETTINGS_FEEDBACK">समर्थन फोरम</string>
<string name="SETTINGS_FEEDBACK_INFO">विचार पोस्ट करें और समर्थन पाएँ</string>
<string name="SETTINGS_REVIEW">इस अनुप्रयोग को रेट करें</string>
<string name="SETTINGS_REVIEW_INFO">आपकी राय हमारे लिए महत्वपूर्ण है</string>
<string name="SETTINGS_BACKUP">स्वचालित बैकअप</string>
<string name="SETTINGS_BACKUP_INFO">अपना डेटा सुरक्षित और सिंक किया गया रखें</string>
<string name="SETTINGS_BACKUP_INFO_LOGGED_AS">के रूप में लॉग इन</string>
<string name="LOGOUT_TITLE">स्वचालित बैकअप बंद करें</string>
<string name="LAST_SYNC">अंतिम सिंक</string>
<string name="SETTINGS_HELP">सहायता</string>
<string name="SETTINGS_HELP_INFO">आपको आरंभ में मदद करने के लिए विषय</string>
<string name="SETTINGS_CONTACT">हमसे संपर्क करें</string>
<string name="SETTINGS_ABOUT">के बारे में</string>
<string name="MALE">पुरुष</string>
<string name="FEMALE">महिला</string>
<string name="YOUR_GENDER">आपका लिंग</string>
<string name="YOUR_HEIGHT">आपकी ऊंचाई</string>
<string name="YOUR_WEIGHT">आपका वजन</string>
<string name="YOUR_AGE">आपकी उम्र</string>
<string name="YOUR_ACTIVITY">आपकी गतिविधि</string>
<string name="YOUR_ACTIVITY_OPTION1">आसीन: ज्यादातर बैठे रहना (डेस्क का काम, डिजाइनर)</string>
<string name="YOUR_ACTIVITY_OPTION2">थोड़ा सक्रिय: कभी कभी बैठना (शिक्षक, विक्रेता)</string>
<string name="YOUR_ACTIVITY_OPTION3">सक्रिय: ज्यादातर चलते रहना (वेट्रेस, डाकिया)</string>
<string name="YOUR_ACTIVITY_OPTION4">बहुत सक्रिय: शारीरिक रूप से मुश्किल काम (निर्माण मजदूर)</string>
<string name="KEEP_WEIGHT">वर्तमान वजन बनाए रखें:</string>
<string name="LOSE_WEIGHT">इतना वजन कम करें:</string>
<string name="GAIN_WEIGHT">इतना वजन बढ़ाएँ:</string>
<string name="PER_WEEK">प्रति सप्ताह</string>
</resources>
